city,cityLink
北京,https://piao.qunar.com/ticket/list.htm?keyword=北京
上海,https://piao.qunar.com/ticket/list.htm?keyword=上海
成都,https://piao.qunar.com/ticket/list.htm?keyword=成都
三亚,https://piao.qunar.com/ticket/list.htm?keyword=三亚
广州,https://piao.qunar.com/ticket/list.htm?keyword=广州
重庆,https://piao.qunar.com/ticket/list.htm?keyword=重庆
深圳,https://piao.qunar.com/ticket/list.htm?keyword=深圳
西安,https://piao.qunar.com/ticket/list.htm?keyword=西安
杭州,https://piao.qunar.com/ticket/list.htm?keyword=杭州
厦门,https://piao.qunar.com/ticket/list.htm?keyword=厦门
武汉,https://piao.qunar.com/ticket/list.htm?keyword=武汉
大连,https://piao.qunar.com/ticket/list.htm?keyword=大连
苏州,https://piao.qunar.com/ticket/list.htm?keyword=苏州
青岛,https://piao.qunar.com/ticket/list.htm?keyword=青岛
天津,https://piao.qunar.com/ticket/list.htm?keyword=天津
南京,https://piao.qunar.com/ticket/list.htm?keyword=南京
香港,https://piao.qunar.com/ticket/list.htm?keyword=香港
桂林,https://piao.qunar.com/ticket/list.htm?keyword=桂林
郑州,https://piao.qunar.com/ticket/list.htm?keyword=郑州
昆明,https://piao.qunar.com/ticket/list.htm?keyword=昆明
东莞,https://piao.qunar.com/ticket/list.htm?keyword=东莞
中山,https://piao.qunar.com/ticket/list.htm?keyword=中山
深圳,https://piao.qunar.com/ticket/list.htm?keyword=深圳
韶关,https://piao.qunar.com/ticket/list.htm?keyword=韶关
广州,https://piao.qunar.com/ticket/list.htm?keyword=广州
清远,https://piao.qunar.com/ticket/list.htm?keyword=清远
河源,https://piao.qunar.com/ticket/list.htm?keyword=河源
肇庆,https://piao.qunar.com/ticket/list.htm?keyword=肇庆
惠州,https://piao.qunar.com/ticket/list.htm?keyword=惠州
珠海,https://piao.qunar.com/ticket/list.htm?keyword=珠海
阳江,https://piao.qunar.com/ticket/list.htm?keyword=阳江
茂名,https://piao.qunar.com/ticket/list.htm?keyword=茂名
湛江,https://piao.qunar.com/ticket/list.htm?keyword=湛江
梅州,https://piao.qunar.com/ticket/list.htm?keyword=梅州
潮州,https://piao.qunar.com/ticket/list.htm?keyword=潮州
普宁,https://piao.qunar.com/ticket/list.htm?keyword=普宁
江门,https://piao.qunar.com/ticket/list.htm?keyword=江门
汕尾,https://piao.qunar.com/ticket/list.htm?keyword=汕尾
揭阳,https://piao.qunar.com/ticket/list.htm?keyword=揭阳
汕头,https://piao.qunar.com/ticket/list.htm?keyword=汕头
云浮,https://piao.qunar.com/ticket/list.htm?keyword=云浮
East End,https://piao.qunar.com/ticket/list.htm?keyword=East End
佛山,https://piao.qunar.com/ticket/list.htm?keyword=佛山
北海,https://piao.qunar.com/ticket/list.htm?keyword=北海
贵港,https://piao.qunar.com/ticket/list.htm?keyword=贵港
南宁,https://piao.qunar.com/ticket/list.htm?keyword=南宁
百色,https://piao.qunar.com/ticket/list.htm?keyword=百色
贺州,https://piao.qunar.com/ticket/list.htm?keyword=贺州
防城港,https://piao.qunar.com/ticket/list.htm?keyword=防城港
河池,https://piao.qunar.com/ticket/list.htm?keyword=河池
钦州,https://piao.qunar.com/ticket/list.htm?keyword=钦州
梧州,https://piao.qunar.com/ticket/list.htm?keyword=梧州
东兴,https://piao.qunar.com/ticket/list.htm?keyword=东兴
来宾,https://piao.qunar.com/ticket/list.htm?keyword=来宾
柳州,https://piao.qunar.com/ticket/list.htm?keyword=柳州
玉林,https://piao.qunar.com/ticket/list.htm?keyword=玉林
崇左,https://piao.qunar.com/ticket/list.htm?keyword=崇左
桂林,https://piao.qunar.com/ticket/list.htm?keyword=桂林
保亭黎族苗族自治县,https://piao.qunar.com/ticket/list.htm?keyword=保亭黎族苗族自治县
澄迈,https://piao.qunar.com/ticket/list.htm?keyword=澄迈
海口,https://piao.qunar.com/ticket/list.htm?keyword=海口
三亚,https://piao.qunar.com/ticket/list.htm?keyword=三亚
万宁,https://piao.qunar.com/ticket/list.htm?keyword=万宁
琼海,https://piao.qunar.com/ticket/list.htm?keyword=琼海
儋州,https://piao.qunar.com/ticket/list.htm?keyword=儋州
屯昌,https://piao.qunar.com/ticket/list.htm?keyword=屯昌
文昌,https://piao.qunar.com/ticket/list.htm?keyword=文昌
定安,https://piao.qunar.com/ticket/list.htm?keyword=定安
五指山,https://piao.qunar.com/ticket/list.htm?keyword=五指山
昌江黎族自治县,https://piao.qunar.com/ticket/list.htm?keyword=昌江黎族自治县
临高,https://piao.qunar.com/ticket/list.htm?keyword=临高
白沙黎族自治县,https://piao.qunar.com/ticket/list.htm?keyword=白沙黎族自治县
乐东黎族自治县,https://piao.qunar.com/ticket/list.htm?keyword=乐东黎族自治县
东方,https://piao.qunar.com/ticket/list.htm?keyword=东方
琼中黎族苗族自治县,https://piao.qunar.com/ticket/list.htm?keyword=琼中黎族苗族自治县
三沙,https://piao.qunar.com/ticket/list.htm?keyword=三沙
陵水黎族自治县,https://piao.qunar.com/ticket/list.htm?keyword=陵水黎族自治县
大庆,https://piao.qunar.com/ticket/list.htm?keyword=大庆
哈尔滨,https://piao.qunar.com/ticket/list.htm?keyword=哈尔滨
双鸭山,https://piao.qunar.com/ticket/list.htm?keyword=双鸭山
大兴安岭,https://piao.qunar.com/ticket/list.htm?keyword=大兴安岭
鸡西,https://piao.qunar.com/ticket/list.htm?keyword=鸡西
牡丹江,https://piao.qunar.com/ticket/list.htm?keyword=牡丹江
伊春,https://piao.qunar.com/ticket/list.htm?keyword=伊春
黑河,https://piao.qunar.com/ticket/list.htm?keyword=黑河
佳木斯,https://piao.qunar.com/ticket/list.htm?keyword=佳木斯
绥化,https://piao.qunar.com/ticket/list.htm?keyword=绥化
鹤岗,https://piao.qunar.com/ticket/list.htm?keyword=鹤岗
七台河,https://piao.qunar.com/ticket/list.htm?keyword=七台河
齐齐哈尔,https://piao.qunar.com/ticket/list.htm?keyword=齐齐哈尔
白山,https://piao.qunar.com/ticket/list.htm?keyword=白山
长春,https://piao.qunar.com/ticket/list.htm?keyword=长春
吉林市,https://piao.qunar.com/ticket/list.htm?keyword=吉林市
延边,https://piao.qunar.com/ticket/list.htm?keyword=延边
松原,https://piao.qunar.com/ticket/list.htm?keyword=松原
通化,https://piao.qunar.com/ticket/list.htm?keyword=通化
白城,https://piao.qunar.com/ticket/list.htm?keyword=白城
四平,https://piao.qunar.com/ticket/list.htm?keyword=四平
辽源,https://piao.qunar.com/ticket/list.htm?keyword=辽源
伊加洛,https://piao.qunar.com/ticket/list.htm?keyword=伊加洛
赫尔采格诺维,https://piao.qunar.com/ticket/list.htm?keyword=赫尔采格诺维
苏托莫雷,https://piao.qunar.com/ticket/list.htm?keyword=苏托莫雷
比耶拉,https://piao.qunar.com/ticket/list.htm?keyword=比耶拉
维帕札,https://piao.qunar.com/ticket/list.htm?keyword=维帕札
丹东,https://piao.qunar.com/ticket/list.htm?keyword=丹东
盘锦,https://piao.qunar.com/ticket/list.htm?keyword=盘锦
沈阳,https://piao.qunar.com/ticket/list.htm?keyword=沈阳
本溪,https://piao.qunar.com/ticket/list.htm?keyword=本溪
大连,https://piao.qunar.com/ticket/list.htm?keyword=大连
葫芦岛,https://piao.qunar.com/ticket/list.htm?keyword=葫芦岛
鞍山,https://piao.qunar.com/ticket/list.htm?keyword=鞍山
抚顺,https://piao.qunar.com/ticket/list.htm?keyword=抚顺
锦州,https://piao.qunar.com/ticket/list.htm?keyword=锦州
朝阳,https://piao.qunar.com/ticket/list.htm?keyword=朝阳
营口,https://piao.qunar.com/ticket/list.htm?keyword=营口
辽阳,https://piao.qunar.com/ticket/list.htm?keyword=辽阳
阜新,https://piao.qunar.com/ticket/list.htm?keyword=阜新
铁岭,https://piao.qunar.com/ticket/list.htm?keyword=铁岭
上海,https://piao.qunar.com/ticket/list.htm?keyword=上海
德州,https://piao.qunar.com/ticket/list.htm?keyword=德州
枣庄,https://piao.qunar.com/ticket/list.htm?keyword=枣庄
威海,https://piao.qunar.com/ticket/list.htm?keyword=威海
滨州,https://piao.qunar.com/ticket/list.htm?keyword=滨州
烟台,https://piao.qunar.com/ticket/list.htm?keyword=烟台
聊城,https://piao.qunar.com/ticket/list.htm?keyword=聊城
济宁,https://piao.qunar.com/ticket/list.htm?keyword=济宁
潍坊,https://piao.qunar.com/ticket/list.htm?keyword=潍坊
邹平市,https://piao.qunar.com/ticket/list.htm?keyword=邹平市
济南,https://piao.qunar.com/ticket/list.htm?keyword=济南
临沂,https://piao.qunar.com/ticket/list.htm?keyword=临沂
东营,https://piao.qunar.com/ticket/list.htm?keyword=东营
菏泽,https://piao.qunar.com/ticket/list.htm?keyword=菏泽
日照,https://piao.qunar.com/ticket/list.htm?keyword=日照
淄博,https://piao.qunar.com/ticket/list.htm?keyword=淄博
泰安,https://piao.qunar.com/ticket/list.htm?keyword=泰安
青岛,https://piao.qunar.com/ticket/list.htm?keyword=青岛
三明,https://piao.qunar.com/ticket/list.htm?keyword=三明
福州,https://piao.qunar.com/ticket/list.htm?keyword=福州
厦门,https://piao.qunar.com/ticket/list.htm?keyword=厦门
漳州,https://piao.qunar.com/ticket/list.htm?keyword=漳州
宁德,https://piao.qunar.com/ticket/list.htm?keyword=宁德
龙岩,https://piao.qunar.com/ticket/list.htm?keyword=龙岩
莆田,https://piao.qunar.com/ticket/list.htm?keyword=莆田
泉州,https://piao.qunar.com/ticket/list.htm?keyword=泉州
南平,https://piao.qunar.com/ticket/list.htm?keyword=南平
上海,https://piao.qunar.com/ticket/list.htm?keyword=上海
嘉兴,https://piao.qunar.com/ticket/list.htm?keyword=嘉兴
丽水,https://piao.qunar.com/ticket/list.htm?keyword=丽水
温州,https://piao.qunar.com/ticket/list.htm?keyword=温州
金华,https://piao.qunar.com/ticket/list.htm?keyword=金华
台州,https://piao.qunar.com/ticket/list.htm?keyword=台州
杭州,https://piao.qunar.com/ticket/list.htm?keyword=杭州
湖州,https://piao.qunar.com/ticket/list.htm?keyword=湖州
衢州,https://piao.qunar.com/ticket/list.htm?keyword=衢州
舟山,https://piao.qunar.com/ticket/list.htm?keyword=舟山
绍兴,https://piao.qunar.com/ticket/list.htm?keyword=绍兴
宁波,https://piao.qunar.com/ticket/list.htm?keyword=宁波
上饶,https://piao.qunar.com/ticket/list.htm?keyword=上饶
宜春,https://piao.qunar.com/ticket/list.htm?keyword=宜春
南昌,https://piao.qunar.com/ticket/list.htm?keyword=南昌
九江,https://piao.qunar.com/ticket/list.htm?keyword=九江
赣州,https://piao.qunar.com/ticket/list.htm?keyword=赣州
吉安,https://piao.qunar.com/ticket/list.htm?keyword=吉安
抚州,https://piao.qunar.com/ticket/list.htm?keyword=抚州
新余,https://piao.qunar.com/ticket/list.htm?keyword=新余
萍乡,https://piao.qunar.com/ticket/list.htm?keyword=萍乡
鹰潭,https://piao.qunar.com/ticket/list.htm?keyword=鹰潭
景德镇,https://piao.qunar.com/ticket/list.htm?keyword=景德镇
泰州,https://piao.qunar.com/ticket/list.htm?keyword=泰州
南京,https://piao.qunar.com/ticket/list.htm?keyword=南京
苏州,https://piao.qunar.com/ticket/list.htm?keyword=苏州
宿迁,https://piao.qunar.com/ticket/list.htm?keyword=宿迁
无锡,https://piao.qunar.com/ticket/list.htm?keyword=无锡
连云港,https://piao.qunar.com/ticket/list.htm?keyword=连云港
镇江,https://piao.qunar.com/ticket/list.htm?keyword=镇江
扬州,https://piao.qunar.com/ticket/list.htm?keyword=扬州
淮安,https://piao.qunar.com/ticket/list.htm?keyword=淮安
南通,https://piao.qunar.com/ticket/list.htm?keyword=南通
盐城,https://piao.qunar.com/ticket/list.htm?keyword=盐城
徐州,https://piao.qunar.com/ticket/list.htm?keyword=徐州
常州,https://piao.qunar.com/ticket/list.htm?keyword=常州
安庆,https://piao.qunar.com/ticket/list.htm?keyword=安庆
合肥,https://piao.qunar.com/ticket/list.htm?keyword=合肥
六安,https://piao.qunar.com/ticket/list.htm?keyword=六安
池州,https://piao.qunar.com/ticket/list.htm?keyword=池州
宿州,https://piao.qunar.com/ticket/list.htm?keyword=宿州
黄山,https://piao.qunar.com/ticket/list.htm?keyword=黄山
马鞍山,https://piao.qunar.com/ticket/list.htm?keyword=马鞍山
宣城,https://piao.qunar.com/ticket/list.htm?keyword=宣城
淮南,https://piao.qunar.com/ticket/list.htm?keyword=淮南
蚌埠,https://piao.qunar.com/ticket/list.htm?keyword=蚌埠
滁州,https://piao.qunar.com/ticket/list.htm?keyword=滁州
芜湖,https://piao.qunar.com/ticket/list.htm?keyword=芜湖
阜阳,https://piao.qunar.com/ticket/list.htm?keyword=阜阳
淮北,https://piao.qunar.com/ticket/list.htm?keyword=淮北
亳州,https://piao.qunar.com/ticket/list.htm?keyword=亳州
铜陵,https://piao.qunar.com/ticket/list.htm?keyword=铜陵
香港,https://piao.qunar.com/ticket/list.htm?keyword=香港
澳门,https://piao.qunar.com/ticket/list.htm?keyword=澳门
云林,https://piao.qunar.com/ticket/list.htm?keyword=云林
新北,https://piao.qunar.com/ticket/list.htm?keyword=新北
淡水,https://piao.qunar.com/ticket/list.htm?keyword=淡水
桃园,https://piao.qunar.com/ticket/list.htm?keyword=桃园
台北,https://piao.qunar.com/ticket/list.htm?keyword=台北
宜兰,https://piao.qunar.com/ticket/list.htm?keyword=宜兰
台南,https://piao.qunar.com/ticket/list.htm?keyword=台南
高雄,https://piao.qunar.com/ticket/list.htm?keyword=高雄
台中,https://piao.qunar.com/ticket/list.htm?keyword=台中
屏东,https://piao.qunar.com/ticket/list.htm?keyword=屏东
花莲,https://piao.qunar.com/ticket/list.htm?keyword=花莲
新竹,https://piao.qunar.com/ticket/list.htm?keyword=新竹
南投,https://piao.qunar.com/ticket/list.htm?keyword=南投
台东,https://piao.qunar.com/ticket/list.htm?keyword=台东
彰化,https://piao.qunar.com/ticket/list.htm?keyword=彰化
苗栗,https://piao.qunar.com/ticket/list.htm?keyword=苗栗
基隆,https://piao.qunar.com/ticket/list.htm?keyword=基隆
嘉义,https://piao.qunar.com/ticket/list.htm?keyword=嘉义
香港,https://piao.qunar.com/ticket/list.htm?keyword=香港
澳门,https://piao.qunar.com/ticket/list.htm?keyword=澳门
重庆,https://piao.qunar.com/ticket/list.htm?keyword=重庆
林芝,https://piao.qunar.com/ticket/list.htm?keyword=林芝
昌都,https://piao.qunar.com/ticket/list.htm?keyword=昌都
山南,https://piao.qunar.com/ticket/list.htm?keyword=山南
拉萨,https://piao.qunar.com/ticket/list.htm?keyword=拉萨
日喀则,https://piao.qunar.com/ticket/list.htm?keyword=日喀则
阿里,https://piao.qunar.com/ticket/list.htm?keyword=阿里
那曲,https://piao.qunar.com/ticket/list.htm?keyword=那曲
绵阳,https://piao.qunar.com/ticket/list.htm?keyword=绵阳
凉山州,https://piao.qunar.com/ticket/list.htm?keyword=凉山州
南充,https://piao.qunar.com/ticket/list.htm?keyword=南充
甘孜州,https://piao.qunar.com/ticket/list.htm?keyword=甘孜州
内江,https://piao.qunar.com/ticket/list.htm?keyword=内江
成都,https://piao.qunar.com/ticket/list.htm?keyword=成都
泸州,https://piao.qunar.com/ticket/list.htm?keyword=泸州
广安,https://piao.qunar.com/ticket/list.htm?keyword=广安
德阳,https://piao.qunar.com/ticket/list.htm?keyword=德阳
乐山,https://piao.qunar.com/ticket/list.htm?keyword=乐山
眉山,https://piao.qunar.com/ticket/list.htm?keyword=眉山
自贡,https://piao.qunar.com/ticket/list.htm?keyword=自贡
遂宁,https://piao.qunar.com/ticket/list.htm?keyword=遂宁
雅安,https://piao.qunar.com/ticket/list.htm?keyword=雅安
阿坝藏族羌族自治州,https://piao.qunar.com/ticket/list.htm?keyword=阿坝藏族羌族自治州
宜宾,https://piao.qunar.com/ticket/list.htm?keyword=宜宾
广元,https://piao.qunar.com/ticket/list.htm?keyword=广元
资阳,https://piao.qunar.com/ticket/list.htm?keyword=资阳
攀枝花,https://piao.qunar.com/ticket/list.htm?keyword=攀枝花
达州,https://piao.qunar.com/ticket/list.htm?keyword=达州
巴中,https://piao.qunar.com/ticket/list.htm?keyword=巴中
毕节,https://piao.qunar.com/ticket/list.htm?keyword=毕节
铜仁,https://piao.qunar.com/ticket/list.htm?keyword=铜仁
遵义,https://piao.qunar.com/ticket/list.htm?keyword=遵义
贵阳,https://piao.qunar.com/ticket/list.htm?keyword=贵阳
黔东南,https://piao.qunar.com/ticket/list.htm?keyword=黔东南
安顺,https://piao.qunar.com/ticket/list.htm?keyword=安顺
黔西南,https://piao.qunar.com/ticket/list.htm?keyword=黔西南
盘州,https://piao.qunar.com/ticket/list.htm?keyword=盘州
黔南,https://piao.qunar.com/ticket/list.htm?keyword=黔南
六盘水,https://piao.qunar.com/ticket/list.htm?keyword=六盘水
重庆,https://piao.qunar.com/ticket/list.htm?keyword=重庆
大理,https://piao.qunar.com/ticket/list.htm?keyword=大理
昭通,https://piao.qunar.com/ticket/list.htm?keyword=昭通
玉溪,https://piao.qunar.com/ticket/list.htm?keyword=玉溪
西双版纳,https://piao.qunar.com/ticket/list.htm?keyword=西双版纳
昆明,https://piao.qunar.com/ticket/list.htm?keyword=昆明
德宏,https://piao.qunar.com/ticket/list.htm?keyword=德宏
楚雄,https://piao.qunar.com/ticket/list.htm?keyword=楚雄
保山,https://piao.qunar.com/ticket/list.htm?keyword=保山
临沧,https://piao.qunar.com/ticket/list.htm?keyword=临沧
红河,https://piao.qunar.com/ticket/list.htm?keyword=红河
普洱,https://piao.qunar.com/ticket/list.htm?keyword=普洱
迪庆,https://piao.qunar.com/ticket/list.htm?keyword=迪庆
文山,https://piao.qunar.com/ticket/list.htm?keyword=文山
曲靖,https://piao.qunar.com/ticket/list.htm?keyword=曲靖
怒江,https://piao.qunar.com/ticket/list.htm?keyword=怒江
丽江,https://piao.qunar.com/ticket/list.htm?keyword=丽江
天津,https://piao.qunar.com/ticket/list.htm?keyword=天津
北京,https://piao.qunar.com/ticket/list.htm?keyword=北京
赤峰,https://piao.qunar.com/ticket/list.htm?keyword=赤峰
包头,https://piao.qunar.com/ticket/list.htm?keyword=包头
阿拉善盟,https://piao.qunar.com/ticket/list.htm?keyword=阿拉善盟
鄂尔多斯,https://piao.qunar.com/ticket/list.htm?keyword=鄂尔多斯
呼伦贝尔,https://piao.qunar.com/ticket/list.htm?keyword=呼伦贝尔
锡林郭勒盟,https://piao.qunar.com/ticket/list.htm?keyword=锡林郭勒盟
乌兰察布,https://piao.qunar.com/ticket/list.htm?keyword=乌兰察布
呼和浩特,https://piao.qunar.com/ticket/list.htm?keyword=呼和浩特
兴安盟,https://piao.qunar.com/ticket/list.htm?keyword=兴安盟
通辽,https://piao.qunar.com/ticket/list.htm?keyword=通辽
巴彦淖尔,https://piao.qunar.com/ticket/list.htm?keyword=巴彦淖尔
乌海,https://piao.qunar.com/ticket/list.htm?keyword=乌海
晋中,https://piao.qunar.com/ticket/list.htm?keyword=晋中
忻州,https://piao.qunar.com/ticket/list.htm?keyword=忻州
运城,https://piao.qunar.com/ticket/list.htm?keyword=运城
太原,https://piao.qunar.com/ticket/list.htm?keyword=太原
晋城,https://piao.qunar.com/ticket/list.htm?keyword=晋城
吕梁,https://piao.qunar.com/ticket/list.htm?keyword=吕梁
临汾,https://piao.qunar.com/ticket/list.htm?keyword=临汾
阳泉,https://piao.qunar.com/ticket/list.htm?keyword=阳泉
长治,https://piao.qunar.com/ticket/list.htm?keyword=长治
朔州,https://piao.qunar.com/ticket/list.htm?keyword=朔州
大同,https://piao.qunar.com/ticket/list.htm?keyword=大同
天津,https://piao.qunar.com/ticket/list.htm?keyword=天津
唐山,https://piao.qunar.com/ticket/list.htm?keyword=唐山
秦皇岛,https://piao.qunar.com/ticket/list.htm?keyword=秦皇岛
邯郸,https://piao.qunar.com/ticket/list.htm?keyword=邯郸
石家庄,https://piao.qunar.com/ticket/list.htm?keyword=石家庄
张家口,https://piao.qunar.com/ticket/list.htm?keyword=张家口
沧州,https://piao.qunar.com/ticket/list.htm?keyword=沧州
衡水,https://piao.qunar.com/ticket/list.htm?keyword=衡水
邢台,https://piao.qunar.com/ticket/list.htm?keyword=邢台
承德,https://piao.qunar.com/ticket/list.htm?keyword=承德
廊坊,https://piao.qunar.com/ticket/list.htm?keyword=廊坊
保定,https://piao.qunar.com/ticket/list.htm?keyword=保定
北京,https://piao.qunar.com/ticket/list.htm?keyword=北京
安阳,https://piao.qunar.com/ticket/list.htm?keyword=安阳
三门峡,https://piao.qunar.com/ticket/list.htm?keyword=三门峡
新乡,https://piao.qunar.com/ticket/list.htm?keyword=新乡
南阳,https://piao.qunar.com/ticket/list.htm?keyword=南阳
济源,https://piao.qunar.com/ticket/list.htm?keyword=济源
平顶山,https://piao.qunar.com/ticket/list.htm?keyword=平顶山
洛阳,https://piao.qunar.com/ticket/list.htm?keyword=洛阳
焦作,https://piao.qunar.com/ticket/list.htm?keyword=焦作
许昌,https://piao.qunar.com/ticket/list.htm?keyword=许昌
信阳,https://piao.qunar.com/ticket/list.htm?keyword=信阳
郑州,https://piao.qunar.com/ticket/list.htm?keyword=郑州
濮阳,https://piao.qunar.com/ticket/list.htm?keyword=濮阳
开封,https://piao.qunar.com/ticket/list.htm?keyword=开封
周口,https://piao.qunar.com/ticket/list.htm?keyword=周口
漯河,https://piao.qunar.com/ticket/list.htm?keyword=漯河
商丘,https://piao.qunar.com/ticket/list.htm?keyword=商丘
驻马店,https://piao.qunar.com/ticket/list.htm?keyword=驻马店
鹤壁,https://piao.qunar.com/ticket/list.htm?keyword=鹤壁
咸宁,https://piao.qunar.com/ticket/list.htm?keyword=咸宁
随州,https://piao.qunar.com/ticket/list.htm?keyword=随州
仙桃,https://piao.qunar.com/ticket/list.htm?keyword=仙桃
黄冈,https://piao.qunar.com/ticket/list.htm?keyword=黄冈
十堰,https://piao.qunar.com/ticket/list.htm?keyword=十堰
荆门,https://piao.qunar.com/ticket/list.htm?keyword=荆门
天门,https://piao.qunar.com/ticket/list.htm?keyword=天门
荆州,https://piao.qunar.com/ticket/list.htm?keyword=荆州
恩施,https://piao.qunar.com/ticket/list.htm?keyword=恩施
宜昌,https://piao.qunar.com/ticket/list.htm?keyword=宜昌
黄石,https://piao.qunar.com/ticket/list.htm?keyword=黄石
神农架,https://piao.qunar.com/ticket/list.htm?keyword=神农架
襄阳,https://piao.qunar.com/ticket/list.htm?keyword=襄阳
孝感,https://piao.qunar.com/ticket/list.htm?keyword=孝感
鄂州,https://piao.qunar.com/ticket/list.htm?keyword=鄂州
潜江,https://piao.qunar.com/ticket/list.htm?keyword=潜江
武汉,https://piao.qunar.com/ticket/list.htm?keyword=武汉
邵东市,https://piao.qunar.com/ticket/list.htm?keyword=邵东市
益阳,https://piao.qunar.com/ticket/list.htm?keyword=益阳
长沙,https://piao.qunar.com/ticket/list.htm?keyword=长沙
邵阳,https://piao.qunar.com/ticket/list.htm?keyword=邵阳
娄底,https://piao.qunar.com/ticket/list.htm?keyword=娄底
常德,https://piao.qunar.com/ticket/list.htm?keyword=常德
张家界,https://piao.qunar.com/ticket/list.htm?keyword=张家界
郴州,https://piao.qunar.com/ticket/list.htm?keyword=郴州
湘潭,https://piao.qunar.com/ticket/list.htm?keyword=湘潭
岳阳,https://piao.qunar.com/ticket/list.htm?keyword=岳阳
永州,https://piao.qunar.com/ticket/list.htm?keyword=永州
湘西,https://piao.qunar.com/ticket/list.htm?keyword=湘西
株洲,https://piao.qunar.com/ticket/list.htm?keyword=株洲
冷水江,https://piao.qunar.com/ticket/list.htm?keyword=冷水江
怀化,https://piao.qunar.com/ticket/list.htm?keyword=怀化
衡阳,https://piao.qunar.com/ticket/list.htm?keyword=衡阳
兰州,https://piao.qunar.com/ticket/list.htm?keyword=兰州
平凉,https://piao.qunar.com/ticket/list.htm?keyword=平凉
天水,https://piao.qunar.com/ticket/list.htm?keyword=天水
嘉峪关,https://piao.qunar.com/ticket/list.htm?keyword=嘉峪关
张掖,https://piao.qunar.com/ticket/list.htm?keyword=张掖
甘南,https://piao.qunar.com/ticket/list.htm?keyword=甘南
陇南,https://piao.qunar.com/ticket/list.htm?keyword=陇南
酒泉,https://piao.qunar.com/ticket/list.htm?keyword=酒泉
武威,https://piao.qunar.com/ticket/list.htm?keyword=武威
金昌,https://piao.qunar.com/ticket/list.htm?keyword=金昌
临夏,https://piao.qunar.com/ticket/list.htm?keyword=临夏
庆阳,https://piao.qunar.com/ticket/list.htm?keyword=庆阳
白银,https://piao.qunar.com/ticket/list.htm?keyword=白银
定西,https://piao.qunar.com/ticket/list.htm?keyword=定西
银川,https://piao.qunar.com/ticket/list.htm?keyword=银川
固原,https://piao.qunar.com/ticket/list.htm?keyword=固原
中卫,https://piao.qunar.com/ticket/list.htm?keyword=中卫
石嘴山,https://piao.qunar.com/ticket/list.htm?keyword=石嘴山
吴忠,https://piao.qunar.com/ticket/list.htm?keyword=吴忠
海西蒙古族藏族自治州,https://piao.qunar.com/ticket/list.htm?keyword=海西蒙古族藏族自治州
黄南藏族自治州,https://piao.qunar.com/ticket/list.htm?keyword=黄南藏族自治州
西宁,https://piao.qunar.com/ticket/list.htm?keyword=西宁
海北藏族自治州,https://piao.qunar.com/ticket/list.htm?keyword=海北藏族自治州
海南藏族自治州,https://piao.qunar.com/ticket/list.htm?keyword=海南藏族自治州
果洛藏族自治州,https://piao.qunar.com/ticket/list.htm?keyword=果洛藏族自治州
海东地区,https://piao.qunar.com/ticket/list.htm?keyword=海东地区
玉树藏族自治州,https://piao.qunar.com/ticket/list.htm?keyword=玉树藏族自治州
延安,https://piao.qunar.com/ticket/list.htm?keyword=延安
渭南,https://piao.qunar.com/ticket/list.htm?keyword=渭南
商洛,https://piao.qunar.com/ticket/list.htm?keyword=商洛
西安,https://piao.qunar.com/ticket/list.htm?keyword=西安
汉中,https://piao.qunar.com/ticket/list.htm?keyword=汉中
咸阳,https://piao.qunar.com/ticket/list.htm?keyword=咸阳
榆林,https://piao.qunar.com/ticket/list.htm?keyword=榆林
宝鸡,https://piao.qunar.com/ticket/list.htm?keyword=宝鸡
安康,https://piao.qunar.com/ticket/list.htm?keyword=安康
铜川,https://piao.qunar.com/ticket/list.htm?keyword=铜川
北屯市,https://piao.qunar.com/ticket/list.htm?keyword=北屯市
伊犁,https://piao.qunar.com/ticket/list.htm?keyword=伊犁
喀什,https://piao.qunar.com/ticket/list.htm?keyword=喀什
阿勒泰,https://piao.qunar.com/ticket/list.htm?keyword=阿勒泰
塔城地区,https://piao.qunar.com/ticket/list.htm?keyword=塔城地区
阿克苏地区,https://piao.qunar.com/ticket/list.htm?keyword=阿克苏地区
克孜勒苏,https://piao.qunar.com/ticket/list.htm?keyword=克孜勒苏
博尔塔拉,https://piao.qunar.com/ticket/list.htm?keyword=博尔塔拉
乌鲁木齐,https://piao.qunar.com/ticket/list.htm?keyword=乌鲁木齐
哈密,https://piao.qunar.com/ticket/list.htm?keyword=哈密
吐鲁番,https://piao.qunar.com/ticket/list.htm?keyword=吐鲁番
石河子,https://piao.qunar.com/ticket/list.htm?keyword=石河子
和田,https://piao.qunar.com/ticket/list.htm?keyword=和田
克拉玛依,https://piao.qunar.com/ticket/list.htm?keyword=克拉玛依
巴音郭楞,https://piao.qunar.com/ticket/list.htm?keyword=巴音郭楞
昌吉,https://piao.qunar.com/ticket/list.htm?keyword=昌吉
图木舒克,https://piao.qunar.com/ticket/list.htm?keyword=图木舒克
阿拉尔,https://piao.qunar.com/ticket/list.htm?keyword=阿拉尔
五家渠市,https://piao.qunar.com/ticket/list.htm?keyword=五家渠市
克孜勒苏柯尔克孜,https://piao.qunar.com/ticket/list.htm?keyword=克孜勒苏柯尔克孜
